Designator,Val,Package,Mid X,Mid Y,Rotation,Layer
C1,0.1u,C_0402_1005Metric,131.826,-81.578,0.0,top
C2,0.1u,C_0402_1005Metric,138.938,-74.93,180.0,top
C3,10u,C_0402_1005Metric,120.904,-91.948,180.0,top
C4,0.1u,C_0402_1005Metric,130.524,-91.626,-90.0,top
C5,0.1u,C_0402_1005Metric,120.904,-92.964,180.0,top
C6,0.1u,C_0402_1005Metric,120.904,-89.916,0.0,top
D1,Green,LED_0805_2012Metric,123.317,-84.118,0.0,top
D2,Green,LED_0805_2012Metric,136.8806,-84.118,0.0,top
D3,Red,LED_0805_2012Metric,133.8072,-76.752,0.0,top
D4,D_Schottky,D_SOD-123,133.604,-98.044,-90.0,top
D5,D_Schottky,D_SOD-123,136.144,-98.044,-90.0,top
R1,10k,R_0402_1005Metric,129.794,-81.578,0.0,top
R2,10k,R_0402_1005Metric,140.97,-74.93,180.0,top
R3,10k,R_0402_1005Metric,123.317,-85.896,0.0,top
R4,10k,R_0402_1005Metric,136.906,-85.896,0.0,top
R5,10k,R_0402_1005Metric,133.7564,-78.4792,0.0,top
R6,10k,R_0402_1005Metric,120.904,-88.9,0.0,top
R7,10k,R_0402_1005Metric,120.932,-90.932,180.0,top
SW1,SW_Push,TS-1187A-B-A-B SPST switch,130.5915,-84.9475,0.0,top
SW2,SW_Push,TS-1187A-B-A-B SPST switch,139.754,-78.4475,0.0,top
U1,STM32L011F4Px,TSSOP-20_4.4x6.5mm_P0.65mm,125.984,-91.694,270.0,top
